Item;Cliente;Email;Texto
1;Demetrio Román;cassandre51@gmail.com;Lorem ipsum dolor sit amet consectetur adipiscing elit nec aliquet, rhoncus quis in sem augue vivamus suscipit porttitor, eu maecenas purus fringilla senectus sociosqu diam hac. Mus interdum diam odio quis senectus gravida sodales nostra curae, molestie ullamcorper etiam quisque est laoreet placerat enim viverra, convallis eget faucibus scelerisque proin maecenas luctus sapien.
2;Saturnino Lopez Pozo;mayra37@yahoo.com;Ad curabitur eros nullam sodales per venenatis praesent pulvinar, commodo fusce nibh quisque penatibus tristique est tempus erat, dapibus hendrerit porttitor a rhoncus vehicula interdum.
3;Victorino del Artigas;tina57@gmail.com;Semper inceptos nascetur neque praesent nibh erat facilisis, habitasse fringilla vulputate laoreet posuere rhoncus. Parturient interdum condimentum morbi dignissim accumsan est urna fermentum, quisque turpis mollis duis facilisi convallis nulla torquent cubilia, commodo proin porta ornare nisl ac per. Massa ut netus auctor convallis posuere ante leo condimentum, ligula accumsan velit torquent dignissim rutrum sociosqu, habitasse donec lectus a et consequat magna.
4;Cleto Escalona-Hernández;cleta.tremblay34@gmail.com;Lorem ipsum dolor sit amet consectetur adipiscing elit nec aliquet, rhoncus quis in sem augue vivamus suscipit porttitor, eu maecenas purus fringilla senectus sociosqu diam hac. Mus interdum diam odio quis senectus gravida sodales nostra curae, molestie ullamcorper etiam quisque est laoreet placerat enim viverra, convallis eget faucibus scelerisque proin maecenas luctus sapien.
5;Luisa de Ramón;delphia.stracke63@gmail.com;Ad curabitur eros nullam sodales per venenatis praesent pulvinar, commodo fusce nibh quisque penatibus tristique est tempus erat, dapibus hendrerit porttitor a rhoncus vehicula interdum.
6;Adelina Abella Perelló;fabiola.cummings@hotmail.com;Semper inceptos nascetur neque praesent nibh erat facilisis, habitasse fringilla vulputate laoreet posuere rhoncus. Parturient interdum condimentum morbi dignissim accumsan est urna fermentum, quisque turpis mollis duis facilisi convallis nulla torquent cubilia, commodo proin porta ornare nisl ac per. Massa ut netus auctor convallis posuere ante leo condimentum, ligula accumsan velit torquent dignissim rutrum sociosqu, habitasse donec lectus a et consequat magna.
7;José Manuel de Cabanillas;humberto_reynolds20@gmail.com;Lorem ipsum dolor sit amet consectetur adipiscing elit nec aliquet, rhoncus quis in sem augue vivamus suscipit porttitor, eu maecenas purus fringilla senectus sociosqu diam hac. Mus interdum diam odio quis senectus gravida sodales nostra curae, molestie ullamcorper etiam quisque est laoreet placerat enim viverra, convallis eget faucibus scelerisque proin maecenas luctus sapien.
8;Primitivo Epifanio Azorin Alemán;rowan.kerluke7@yahoo.com;Ad curabitur eros nullam sodales per venenatis praesent pulvinar, commodo fusce nibh quisque penatibus tristique est tempus erat, dapibus hendrerit porttitor a rhoncus vehicula interdum.
9;María de Aguilar;annabell.schuster6@hotmail.com;Semper inceptos nascetur neque praesent nibh erat facilisis, habitasse fringilla vulputate laoreet posuere rhoncus. Parturient interdum condimentum morbi dignissim accumsan est urna fermentum, quisque turpis mollis duis facilisi convallis nulla torquent cubilia, commodo proin porta ornare nisl ac per. Massa ut netus auctor convallis posuere ante leo condimentum, ligula accumsan velit torquent dignissim rutrum sociosqu, habitasse donec lectus a et consequat magna.
10;Natalio Estevez Barrera;leda24@gmail.com;Lorem ipsum dolor sit amet consectetur adipiscing elit nec aliquet, rhoncus quis in sem augue vivamus suscipit porttitor, eu maecenas purus fringilla senectus sociosqu diam hac. Mus interdum diam odio quis senectus gravida sodales nostra curae, molestie ullamcorper etiam quisque est laoreet placerat enim viverra, convallis eget faucibus scelerisque proin maecenas luctus sapien.
11;Teófilo Chema Llanos Blanca;arnaldo_schneider18@gmail.com;Ad curabitur eros nullam sodales per venenatis praesent pulvinar, commodo fusce nibh quisque penatibus tristique est tempus erat, dapibus hendrerit porttitor a rhoncus vehicula interdum.
12;Hortensia Rosa-Garmendia;adam58@yahoo.com;Semper inceptos nascetur neque praesent nibh erat facilisis, habitasse fringilla vulputate laoreet posuere rhoncus. Parturient interdum condimentum morbi dignissim accumsan est urna fermentum, quisque turpis mollis duis facilisi convallis nulla torquent cubilia, commodo proin porta ornare nisl ac per. Massa ut netus auctor convallis posuere ante leo condimentum, ligula accumsan velit torquent dignissim rutrum sociosqu, habitasse donec lectus a et consequat magna.
13;Virginia Pardo Aller;riley54@gmail.com;Lorem ipsum dolor sit amet consectetur adipiscing elit nec aliquet, rhoncus quis in sem augue vivamus suscipit porttitor, eu maecenas purus fringilla senectus sociosqu diam hac. Mus interdum diam odio quis senectus gravida sodales nostra curae, molestie ullamcorper etiam quisque est laoreet placerat enim viverra, convallis eget faucibus scelerisque proin maecenas luctus sapien.
14;Rolando Berenguer;jany.okon@yahoo.com;Ad curabitur eros nullam sodales per venenatis praesent pulvinar, commodo fusce nibh quisque penatibus tristique est tempus erat, dapibus hendrerit porttitor a rhoncus vehicula interdum.
15;Marciano Coll-Pedro;margaret_thompson17@gmail.com;Semper inceptos nascetur neque praesent nibh erat facilisis, habitasse fringilla vulputate laoreet posuere rhoncus. Parturient interdum condimentum morbi dignissim accumsan est urna fermentum, quisque turpis mollis duis facilisi convallis nulla torquent cubilia, commodo proin porta ornare nisl ac per. Massa ut netus auctor convallis posuere ante leo condimentum, ligula accumsan velit torquent dignissim rutrum sociosqu, habitasse donec lectus a et consequat magna.
16;Nadia Pardo Valera;christelle_cummerata34@hotmail.com;Lorem ipsum dolor sit amet consectetur adipiscing elit nec aliquet, rhoncus quis in sem augue vivamus suscipit porttitor, eu maecenas purus fringilla senectus sociosqu diam hac. Mus interdum diam odio quis senectus gravida sodales nostra curae, molestie ullamcorper etiam quisque est laoreet placerat enim viverra, convallis eget faucibus scelerisque proin maecenas luctus sapien.
17;Isabel del Águila;jaeden.nader54@yahoo.com;Ad curabitur eros nullam sodales per venenatis praesent pulvinar, commodo fusce nibh quisque penatibus tristique est tempus erat, dapibus hendrerit porttitor a rhoncus vehicula interdum.
18;Santos Valerio Céspedes Conde;taurean_hilll4@hotmail.com;Semper inceptos nascetur neque praesent nibh erat facilisis, habitasse fringilla vulputate laoreet posuere rhoncus. Parturient interdum condimentum morbi dignissim accumsan est urna fermentum, quisque turpis mollis duis facilisi convallis nulla torquent cubilia, commodo proin porta ornare nisl ac per. Massa ut netus auctor convallis posuere ante leo condimentum, ligula accumsan velit torquent dignissim rutrum sociosqu, habitasse donec lectus a et consequat magna.
19;Marisa Sierra;davon_pouros45@hotmail.com;Lorem ipsum dolor sit amet consectetur adipiscing elit nec aliquet, rhoncus quis in sem augue vivamus suscipit porttitor, eu maecenas purus fringilla senectus sociosqu diam hac. Mus interdum diam odio quis senectus gravida sodales nostra curae, molestie ullamcorper etiam quisque est laoreet placerat enim viverra, convallis eget faucibus scelerisque proin maecenas luctus sapien.
20;Fabio Parra;isaias_borer50@hotmail.com;Ad curabitur eros nullam sodales per venenatis praesent pulvinar, commodo fusce nibh quisque penatibus tristique est tempus erat, dapibus hendrerit porttitor a rhoncus vehicula interdum.
21;Damián Laguna Roldán;edd36@yahoo.com;Semper inceptos nascetur neque praesent nibh erat facilisis, habitasse fringilla vulputate laoreet posuere rhoncus. Parturient interdum condimentum morbi dignissim accumsan est urna fermentum, quisque turpis mollis duis facilisi convallis nulla torquent cubilia, commodo proin porta ornare nisl ac per. Massa ut netus auctor convallis posuere ante leo condimentum, ligula accumsan velit torquent dignissim rutrum sociosqu, habitasse donec lectus a et consequat magna.
22;Febe del Ródenas;maybell66@gmail.com;Lorem ipsum dolor sit amet consectetur adipiscing elit nec aliquet, rhoncus quis in sem augue vivamus suscipit porttitor, eu maecenas purus fringilla senectus sociosqu diam hac. Mus interdum diam odio quis senectus gravida sodales nostra curae, molestie ullamcorper etiam quisque est laoreet placerat enim viverra, convallis eget faucibus scelerisque proin maecenas luctus sapien.
23;Tito Ros Olmo;neoma50@hotmail.com;Ad curabitur eros nullam sodales per venenatis praesent pulvinar, commodo fusce nibh quisque penatibus tristique est tempus erat, dapibus hendrerit porttitor a rhoncus vehicula interdum.
24;Bernardo Oller-Sánchez;rebecca35@gmail.com;Semper inceptos nascetur neque praesent nibh erat facilisis, habitasse fringilla vulputate laoreet posuere rhoncus. Parturient interdum condimentum morbi dignissim accumsan est urna fermentum, quisque turpis mollis duis facilisi convallis nulla torquent cubilia, commodo proin porta ornare nisl ac per. Massa ut netus auctor convallis posuere ante leo condimentum, ligula accumsan velit torquent dignissim rutrum sociosqu, habitasse donec lectus a et consequat magna.
25;Roberto Cruz Pineda;loyce_moen@yahoo.com;Lorem ipsum dolor sit amet consectetur adipiscing elit nec aliquet, rhoncus quis in sem augue vivamus suscipit porttitor, eu maecenas purus fringilla senectus sociosqu diam hac. Mus interdum diam odio quis senectus gravida sodales nostra curae, molestie ullamcorper etiam quisque est laoreet placerat enim viverra, convallis eget faucibus scelerisque proin maecenas luctus sapien.
26;Evangelina Manola Roselló Morata;ignacio_denesik@yahoo.com;Ad curabitur eros nullam sodales per venenatis praesent pulvinar, commodo fusce nibh quisque penatibus tristique est tempus erat, dapibus hendrerit porttitor a rhoncus vehicula interdum.
27;Evita Vicenta Alarcón Pérez;amani_jacobi66@hotmail.com;Semper inceptos nascetur neque praesent nibh erat facilisis, habitasse fringilla vulputate laoreet posuere rhoncus. Parturient interdum condimentum morbi dignissim accumsan est urna fermentum, quisque turpis mollis duis facilisi convallis nulla torquent cubilia, commodo proin porta ornare nisl ac per. Massa ut netus auctor convallis posuere ante leo condimentum, ligula accumsan velit torquent dignissim rutrum sociosqu, habitasse donec lectus a et consequat magna.
28;Josué Arranz Franco;glenda73@yahoo.com;Lorem ipsum dolor sit amet consectetur adipiscing elit nec aliquet, rhoncus quis in sem augue vivamus suscipit porttitor, eu maecenas purus fringilla senectus sociosqu diam hac. Mus interdum diam odio quis senectus gravida sodales nostra curae, molestie ullamcorper etiam quisque est laoreet placerat enim viverra, convallis eget faucibus scelerisque proin maecenas luctus sapien.
29;Isaías de Mas;ines_mcclure@yahoo.com;Ad curabitur eros nullam sodales per venenatis praesent pulvinar, commodo fusce nibh quisque penatibus tristique est tempus erat, dapibus hendrerit porttitor a rhoncus vehicula interdum.
30;René Cerdán-Checa;chelsea80@yahoo.com;Semper inceptos nascetur neque praesent nibh erat facilisis, habitasse fringilla vulputate laoreet posuere rhoncus. Parturient interdum condimentum morbi dignissim accumsan est urna fermentum, quisque turpis mollis duis facilisi convallis nulla torquent cubilia, commodo proin porta ornare nisl ac per. Massa ut netus auctor convallis posuere ante leo condimentum, ligula accumsan velit torquent dignissim rutrum sociosqu, habitasse donec lectus a et consequat magna.
31;Tamara Suarez Herrera;kevon_abernathy56@yahoo.com;Lorem ipsum dolor sit amet consectetur adipiscing elit nec aliquet, rhoncus quis in sem augue vivamus suscipit porttitor, eu maecenas purus fringilla senectus sociosqu diam hac. Mus interdum diam odio quis senectus gravida sodales nostra curae, molestie ullamcorper etiam quisque est laoreet placerat enim viverra, convallis eget faucibus scelerisque proin maecenas luctus sapien.
32;Celia Novoa Castrillo;janiya_simonis@yahoo.com;Ad curabitur eros nullam sodales per venenatis praesent pulvinar, commodo fusce nibh quisque penatibus tristique est tempus erat, dapibus hendrerit porttitor a rhoncus vehicula interdum.
33;Adriana del Castells;freda_rolfson71@gmail.com;Semper inceptos nascetur neque praesent nibh erat facilisis, habitasse fringilla vulputate laoreet posuere rhoncus. Parturient interdum condimentum morbi dignissim accumsan est urna fermentum, quisque turpis mollis duis facilisi convallis nulla torquent cubilia, commodo proin porta ornare nisl ac per. Massa ut netus auctor convallis posuere ante leo condimentum, ligula accumsan velit torquent dignissim rutrum sociosqu, habitasse donec lectus a et consequat magna.
34;Catalina Borrás-Santiago;rae50@gmail.com;Lorem ipsum dolor sit amet consectetur adipiscing elit nec aliquet, rhoncus quis in sem augue vivamus suscipit porttitor, eu maecenas purus fringilla senectus sociosqu diam hac. Mus interdum diam odio quis senectus gravida sodales nostra curae, molestie ullamcorper etiam quisque est laoreet placerat enim viverra, convallis eget faucibus scelerisque proin maecenas luctus sapien.
35;Haroldo Diego Donoso;devante11@gmail.com;Ad curabitur eros nullam sodales per venenatis praesent pulvinar, commodo fusce nibh quisque penatibus tristique est tempus erat, dapibus hendrerit porttitor a rhoncus vehicula interdum.
36;Seve Tejedor Coloma;haylie.senger94@yahoo.com;Semper inceptos nascetur neque praesent nibh erat facilisis, habitasse fringilla vulputate laoreet posuere rhoncus. Parturient interdum condimentum morbi dignissim accumsan est urna fermentum, quisque turpis mollis duis facilisi convallis nulla torquent cubilia, commodo proin porta ornare nisl ac per. Massa ut netus auctor convallis posuere ante leo condimentum, ligula accumsan velit torquent dignissim rutrum sociosqu, habitasse donec lectus a et consequat magna.
37;Natalia Morillo Llobet;micheal.quigley40@yahoo.com;Lorem ipsum dolor sit amet consectetur adipiscing elit nec aliquet, rhoncus quis in sem augue vivamus suscipit porttitor, eu maecenas purus fringilla senectus sociosqu diam hac. Mus interdum diam odio quis senectus gravida sodales nostra curae, molestie ullamcorper etiam quisque est laoreet placerat enim viverra, convallis eget faucibus scelerisque proin maecenas luctus sapien.
38;Araceli Bauzà Alonso;kiana.raynor58@hotmail.com;Ad curabitur eros nullam sodales per venenatis praesent pulvinar, commodo fusce nibh quisque penatibus tristique est tempus erat, dapibus hendrerit porttitor a rhoncus vehicula interdum.
39;Luís Pintor;crystal31@yahoo.com;Semper inceptos nascetur neque praesent nibh erat facilisis, habitasse fringilla vulputate laoreet posuere rhoncus. Parturient interdum condimentum morbi dignissim accumsan est urna fermentum, quisque turpis mollis duis facilisi convallis nulla torquent cubilia, commodo proin porta ornare nisl ac per. Massa ut netus auctor convallis posuere ante leo condimentum, ligula accumsan velit torquent dignissim rutrum sociosqu, habitasse donec lectus a et consequat magna.
40;Bernabé Iglesia Donoso;thaddeus_schmitt96@gmail.com;Lorem ipsum dolor sit amet consectetur adipiscing elit nec aliquet, rhoncus quis in sem augue vivamus suscipit porttitor, eu maecenas purus fringilla senectus sociosqu diam hac. Mus interdum diam odio quis senectus gravida sodales nostra curae, molestie ullamcorper etiam quisque est laoreet placerat enim viverra, convallis eget faucibus scelerisque proin maecenas luctus sapien.
41;María Teresa Garay-Tirado;rubye33@gmail.com;Ad curabitur eros nullam sodales per venenatis praesent pulvinar, commodo fusce nibh quisque penatibus tristique est tempus erat, dapibus hendrerit porttitor a rhoncus vehicula interdum.
42;Adriana de Conesa;emerald88@gmail.com;Semper inceptos nascetur neque praesent nibh erat facilisis, habitasse fringilla vulputate laoreet posuere rhoncus. Parturient interdum condimentum morbi dignissim accumsan est urna fermentum, quisque turpis mollis duis facilisi convallis nulla torquent cubilia, commodo proin porta ornare nisl ac per. Massa ut netus auctor convallis posuere ante leo condimentum, ligula accumsan velit torquent dignissim rutrum sociosqu, habitasse donec lectus a et consequat magna.
43;Iván Camacho Chaparro;jana_olson@gmail.com;Lorem ipsum dolor sit amet consectetur adipiscing elit nec aliquet, rhoncus quis in sem augue vivamus suscipit porttitor, eu maecenas purus fringilla senectus sociosqu diam hac. Mus interdum diam odio quis senectus gravida sodales nostra curae, molestie ullamcorper etiam quisque est laoreet placerat enim viverra, convallis eget faucibus scelerisque proin maecenas luctus sapien.
44;Amador González Coloma;noah.wunsch28@gmail.com;Ad curabitur eros nullam sodales per venenatis praesent pulvinar, commodo fusce nibh quisque penatibus tristique est tempus erat, dapibus hendrerit porttitor a rhoncus vehicula interdum.
45;Roque Morera Cuesta;patience83@hotmail.com;Semper inceptos nascetur neque praesent nibh erat facilisis, habitasse fringilla vulputate laoreet posuere rhoncus. Parturient interdum condimentum morbi dignissim accumsan est urna fermentum, quisque turpis mollis duis facilisi convallis nulla torquent cubilia, commodo proin porta ornare nisl ac per. Massa ut netus auctor convallis posuere ante leo condimentum, ligula accumsan velit torquent dignissim rutrum sociosqu, habitasse donec lectus a et consequat magna.
46;Asdrubal del Morales;trenton_mills41@yahoo.com;Lorem ipsum dolor sit amet consectetur adipiscing elit nec aliquet, rhoncus quis in sem augue vivamus suscipit porttitor, eu maecenas purus fringilla senectus sociosqu diam hac. Mus interdum diam odio quis senectus gravida sodales nostra curae, molestie ullamcorper etiam quisque est laoreet placerat enim viverra, convallis eget faucibus scelerisque proin maecenas luctus sapien.
47;Manuela Mesa;tressa.carroll63@gmail.com;Ad curabitur eros nullam sodales per venenatis praesent pulvinar, commodo fusce nibh quisque penatibus tristique est tempus erat, dapibus hendrerit porttitor a rhoncus vehicula interdum.
48;Sol Arnau Sola;dorothy57@gmail.com;Semper inceptos nascetur neque praesent nibh erat facilisis, habitasse fringilla vulputate laoreet posuere rhoncus. Parturient interdum condimentum morbi dignissim accumsan est urna fermentum, quisque turpis mollis duis facilisi convallis nulla torquent cubilia, commodo proin porta ornare nisl ac per. Massa ut netus auctor convallis posuere ante leo condimentum, ligula accumsan velit torquent dignissim rutrum sociosqu, habitasse donec lectus a et consequat magna.
49;Rosendo Terrón Tudela;erling_towne@hotmail.com;Lorem ipsum dolor sit amet consectetur adipiscing elit nec aliquet, rhoncus quis in sem augue vivamus suscipit porttitor, eu maecenas purus fringilla senectus sociosqu diam hac. Mus interdum diam odio quis senectus gravida sodales nostra curae, molestie ullamcorper etiam quisque est laoreet placerat enim viverra, convallis eget faucibus scelerisque proin maecenas luctus sapien.
50;Salomé de Juárez;benny3@yahoo.com;Ad curabitur eros nullam sodales per venenatis praesent pulvinar, commodo fusce nibh quisque penatibus tristique est tempus erat, dapibus hendrerit porttitor a rhoncus vehicula interdum.
